user_id,user_first_touch_timestamp,email,updated
UA000000107338110,1593874163848994.0,blackburnjohn@gay.biz,2023-03-18 18:50:05.177
UA000000107354520,1593876102569545.0,reedjennifer@freeman.com,2023-03-18 18:50:05.177
UA000000107359655,1593876696866893.0,roberthubbard55@hotmail.com,2023-03-18 18:50:05.177
UA000000107362264,1593876996344195.0,amandafrazier@hotmail.com,2023-03-18 18:50:05.177
UA000000107362440,1593877015690335.0,laura65@garcia.biz,2023-03-18 18:50:05.177
UA000000107363722,1593877154338249.0,tmiller67@yahoo.com,2023-03-18 18:50:05.177
UA000000107367850,1593877599590013.0,xmartinez27@gmail.com,2023-03-18 18:50:05.177
UA000000107370290,1593877869468334.0,uflynn@anderson.com,2023-03-18 18:50:05.177
UA000000107371743,1593878036347579.0,nancyellis34@hotmail.com,2023-03-18 18:50:05.177
UA000000107371836,1593878046932741.0,nporter32@gmail.com,2023-03-18 18:50:05.177
UA000000107372842,1593878162052188.0,johnsontiffany9@yahoo.com,2023-03-18 18:50:05.177
UA000000107373248,1593878202325470.0,kyletaylor@hotmail.com,2023-03-18 18:50:05.177
UA000000107374597,1593878346590531.0,nalvarado76@gmail.com,2023-03-18 18:50:05.177
UA000000107377002,1593878617459649.0,bergergabriel@taylor.com,2023-03-18 18:50:05.177
UA000000107377542,1593878679086870.0,jonathandyer@hotmail.com,2023-03-18 18:50:05.177
UA000000107377602,1593878686736308.0,janetallen@moore-acosta.com,2023-03-18 18:50:05.177
UA000000107378066,1593878738403010.0,peterhodges@yahoo.com,2023-03-18 18:50:05.177
UA000000107380134,1593878971294004.0,ydavis47@hotmail.com,2023-03-18 18:50:05.177
UA000000107381302,1593879092723494.0,iguzman95@yahoo.com,2023-03-18 18:50:05.177
UA000000107381817,1593879150228743.0,ellislisa@thompson-chandler.org,2023-03-18 18:50:05.177
UA000000107381951,1593879164209130.0,eavila@baker-smith.com,2023-03-18 18:50:05.177
UA000000107383420,1593879323432432.0,,2023-03-18 18:50:05.177
UA000000107383437,1593879324795270.0,,2023-03-18 18:50:05.177
UA000000107383471,1593879328837515.0,,2023-03-18 18:50:05.177
UA000000107383569,1593879340349155.0,,2023-03-18 18:50:05.177
UA000000107383640,1593879349302857.0,,2023-03-18 18:50:05.177
UA000000107383684,1593879354256821.0,,2023-03-18 18:50:05.177
UA000000107384160,1593879407637240.0,,2023-03-18 18:50:05.177
UA000000107384395,1593879432186825.0,,2023-03-18 18:50:05.177
UA000000107384470,1593879442144804.0,,2023-03-18 18:50:05.177
UA000000107384520,1593879447137299.0,williamherrera@dudley-torres.org,2023-03-18 18:50:05.177
UA000000107384520,1593879447137299.0,,2023-03-18 18:50:05.177
UA000000107384572,1593879452200834.0,,2023-03-18 18:50:05.177
UA000000107384587,1593879453527638.0,,2023-03-18 18:50:05.177
UA000000107384593,1593879454385538.0,,2023-03-18 18:50:05.177
UA000000107384617,1593879457430567.0,,2023-03-18 18:50:05.177
UA000000107384764,1593879471049369.0,,2023-03-18 18:50:05.177
UA000000107384966,1593879490480251.0,,2023-03-18 18:50:05.177
UA000000107385035,1593879496927585.0,brett84@nguyen.com,2023-03-18 18:50:05.177
UA000000107385035,1593879496927585.0,,2023-03-18 18:50:05.177
UA000000107385074,1593879501203857.0,,2023-03-18 18:50:05.177
UA000000107385075,1593879501480126.0,,2023-03-18 18:50:05.177
UA000000107385167,1593879513224485.0,,2023-03-18 18:50:05.177
UA000000107385277,1593879524935108.0,,2023-03-18 18:50:05.177
UA000000107385360,1593879534473516.0,,2023-03-18 18:50:05.177
UA000000107385374,1593879536359533.0,,2023-03-18 18:50:05.177
UA000000107385379,1593879536983818.0,,2023-03-18 18:50:05.177
UA000000107385467,1593879545852333.0,,2023-03-18 18:50:05.177
UA000000107385498,1593879549164860.0,,2023-03-18 18:50:05.177
UA000000107385525,1593879552381184.0,,2023-03-18 18:50:05.177
UA000000107385538,1593879554165566.0,,2023-03-18 18:50:05.177
UA000000107385552,1593879555120037.0,,2023-03-18 18:50:05.177
UA000000107385735,1593879573979670.0,epatrick@bennett.com,2023-03-18 18:50:05.177
UA000000107385735,1593879573979670.0,,2023-03-18 18:50:05.177
UA000000107385736,1593879574086394.0,,2023-03-18 18:50:05.177
UA000000107385886,1593879587774706.0,,2023-03-18 18:50:05.177
UA000000107385891,1593879588084363.0,lallen@brown.biz,2023-03-18 18:50:05.177
UA000000107385891,1593879588084363.0,,2023-03-18 18:50:05.177
UA000000107385910,1593879591306851.0,,2023-03-18 18:50:05.177
UA000000107386007,1593879601570208.0,,2023-03-18 18:50:05.177
UA000000107386246,1593879627940083.0,,2023-03-18 18:50:05.177
UA000000107386381,1593879642433693.0,,2023-03-18 18:50:05.177
UA000000107386398,1593879645701612.0,,2023-03-18 18:50:05.177
UA000000107386487,1593879654878580.0,,2023-03-18 18:50:05.177
UA000000107386571,1593879663527423.0,,2023-03-18 18:50:05.177
UA000000107386616,1593879668206653.0,,2023-03-18 18:50:05.177
UA000000107386620,1593879668454372.0,michaelwilliamson@johnson-brown.com,2023-03-18 18:50:05.177
UA000000107386620,1593879668454372.0,,2023-03-18 18:50:05.177
UA000000107386750,1593879685678647.0,,2023-03-18 18:50:05.177
UA000000107386821,1593879695266575.0,,2023-03-18 18:50:05.177
UA000000107386838,1593879696869252.0,,2023-03-18 18:50:05.177
UA000000107387009,1593879715090144.0,,2023-03-18 18:50:05.177
UA000000107387080,1593879722638657.0,,2023-03-18 18:50:05.177
UA000000107387088,1593879723131424.0,,2023-03-18 18:50:05.177
UA000000107387301,1593879746782722.0,,2023-03-18 18:50:05.177
UA000000107387492,1593879768700344.0,,2023-03-18 18:50:05.177
UA000000107387497,1593879769327406.0,,2023-03-18 18:50:05.177
UA000000107387499,1593879769663277.0,,2023-03-18 18:50:05.177
UA000000107387538,1593879773689641.0,,2023-03-18 18:50:05.177
UA000000107387543,1593879774240269.0,,2023-03-18 18:50:05.177
UA000000107387565,1593879777625576.0,,2023-03-18 18:50:05.177
UA000000107387598,1593879782015219.0,,2023-03-18 18:50:05.177
UA000000107387671,1593879790089249.0,,2023-03-18 18:50:05.177
UA000000107387703,1593879792795228.0,,2023-03-18 18:50:05.177
UA000000107387724,1593879795206017.0,,2023-03-18 18:50:05.177
UA000000107387734,1593879796291682.0,,2023-03-18 18:50:05.177
UA000000107387751,1593879798315168.0,,2023-03-18 18:50:05.177
UA000000107387780,1593879801192563.0,,2023-03-18 18:50:05.177
UA000000107387792,1593879803180012.0,,2023-03-18 18:50:05.177
UA000000107387840,1593879807489992.0,,2023-03-18 18:50:05.177
UA000000107387871,1593879811686726.0,,2023-03-18 18:50:05.177
UA000000107387989,1593879823233655.0,,2023-03-18 18:50:05.177
UA000000107388221,1593879847713441.0,derrickmichael@hotmail.com,2023-03-18 18:50:05.177
UA000000107388221,1593879847713441.0,,2023-03-18 18:50:05.177
UA000000107388271,1593879852666573.0,,2023-03-18 18:50:05.177
UA000000107388507,1593879876875165.0,,2023-03-18 18:50:05.177
UA000000107388510,1593879877687359.0,,2023-03-18 18:50:05.177
UA000000107388602,1593879887602867.0,sylvia81@ellis.com,2023-03-18 18:50:05.177
UA000000107388602,1593879887602867.0,,2023-03-18 18:50:05.177
UA000000107388624,1593879889679668.0,,2023-03-18 18:50:05.177
UA000000107388744,1593879904716946.0,,2023-03-18 18:50:05.177
UA000000107388777,1593879908456273.0,,2023-03-18 18:50:05.177
UA000000107388949,1593879927662729.0,dawnanderson@bush.com,2023-03-18 18:50:05.177
UA000000107388949,1593879927662729.0,,2023-03-18 18:50:05.177
UA000000107388952,1593879927821763.0,,2023-03-18 18:50:05.177
UA000000107388957,1593879928308206.0,,2023-03-18 18:50:05.177
UA000000107389020,1593879933665966.0,,2023-03-18 18:50:05.177
UA000000107389051,1593879936634741.0,,2023-03-18 18:50:05.177
UA000000107389053,1593879936686872.0,robert34@gibson-collins.biz,2023-03-18 18:50:05.177
UA000000107389053,1593879936686872.0,,2023-03-18 18:50:05.177
UA000000107389162,1593879949515360.0,,2023-03-18 18:50:05.177
UA000000107389284,1593879965734466.0,,2023-03-18 18:50:05.177
UA000000107389307,1593879968113018.0,,2023-03-18 18:50:05.177
UA000000107389309,1593879968162227.0,,2023-03-18 18:50:05.177
UA000000107389315,1593879968985617.0,,2023-03-18 18:50:05.177
UA000000107389329,1593879970624161.0,,2023-03-18 18:50:05.177
UA000000107389332,1593879971024749.0,,2023-03-18 18:50:05.177
UA000000107389629,1593880004128513.0,,2023-03-18 18:50:05.177
UA000000107389733,1593880016891125.0,,2023-03-18 18:50:05.177
UA000000107389773,1593880020722913.0,,2023-03-18 18:50:05.177
UA000000107389778,1593880021292124.0,,2023-03-18 18:50:05.177
UA000000107389877,1593880032325101.0,,2023-03-18 18:50:05.177
UA000000107389899,1593880034659762.0,,2023-03-18 18:50:05.177
UA000000107389940,1593880040559030.0,,2023-03-18 18:50:05.177
UA000000107390009,1593880046445235.0,,2023-03-18 18:50:05.177
UA000000107390200,1593880063306222.0,,2023-03-18 18:50:05.177
UA000000107390211,1593880064425772.0,,2023-03-18 18:50:05.177
UA000000107390220,1593880064916609.0,,2023-03-18 18:50:05.177
UA000000107390259,1593880068494633.0,,2023-03-18 18:50:05.177
UA000000107390289,1593880072629778.0,,2023-03-18 18:50:05.177
UA000000107390386,1593880081301259.0,,2023-03-18 18:50:05.177
UA000000107390544,1593880096681799.0,,2023-03-18 18:50:05.177
UA000000107390723,1593880114490046.0,,2023-03-18 18:50:05.177
UA000000107390788,1593880121354219.0,,2023-03-18 18:50:05.177
UA000000107390859,1593880129935464.0,,2023-03-18 18:50:05.177
UA000000107390971,1593880141436897.0,,2023-03-18 18:50:05.177
UA000000107390982,1593880142682121.0,,2023-03-18 18:50:05.177
UA000000107390999,1593880144187084.0,,2023-03-18 18:50:05.177
UA000000107391052,1593880149543040.0,,2023-03-18 18:50:05.177
UA000000107391079,1593880153086799.0,,2023-03-18 18:50:05.177
UA000000107391088,1593880154273002.0,,2023-03-18 18:50:05.177
UA000000107391135,1593880158630188.0,,2023-03-18 18:50:05.177
UA000000107391149,1593880160039889.0,,2023-03-18 18:50:05.177
UA000000107391172,1593880162406686.0,,2023-03-18 18:50:05.177
UA000000107391209,1593880166722069.0,millerjonathan@hotmail.com,2023-03-18 18:50:05.177
UA000000107391209,1593880166722069.0,,2023-03-18 18:50:05.177
UA000000107391368,1593880183600312.0,christopher0850@gmail.com,2023-03-18 18:50:05.177
UA000000107391368,1593880183600312.0,,2023-03-18 18:50:05.177
UA000000107391442,1593880189847959.0,,2023-03-18 18:50:05.177
UA000000107391553,1593880201744891.0,,2023-03-18 18:50:05.177
UA000000107391573,1593880204280238.0,,2023-03-18 18:50:05.177
UA000000107391597,1593880206481325.0,,2023-03-18 18:50:05.177
UA000000107391685,1593880214311235.0,,2023-03-18 18:50:05.177
UA000000107391697,1593880215253604.0,,2023-03-18 18:50:05.177
UA000000107391736,1593880218714655.0,,2023-03-18 18:50:05.177
UA000000107391768,1593880222699682.0,,2023-03-18 18:50:05.177
UA000000107391995,1593880246854668.0,,2023-03-18 18:50:05.177
UA000000107392032,1593880251690096.0,,2023-03-18 18:50:05.177
UA000000107392195,1593880267633134.0,,2023-03-18 18:50:05.177
UA000000107392221,1593880271052973.0,,2023-03-18 18:50:05.177
UA000000107392307,1593880280737921.0,,2023-03-18 18:50:05.177
UA000000107392409,1593880294227231.0,,2023-03-18 18:50:05.177
UA000000107392574,1593880311459583.0,,2023-03-18 18:50:05.177
UA000000107392636,1593880317686088.0,,2023-03-18 18:50:05.177
UA000000107392705,1593880325965910.0,,2023-03-18 18:50:05.177
UA000000107392855,1593880342116334.0,nicholssandra@hotmail.com,2023-03-18 18:50:05.177
UA000000107392855,1593880342116334.0,,2023-03-18 18:50:05.177
UA000000107392926,1593880349970004.0,,2023-03-18 18:50:05.177
UA000000107392958,1593880354144347.0,,2023-03-18 18:50:05.177
UA000000107392960,1593880354161562.0,,2023-03-18 18:50:05.177
UA000000107393148,1593880376558559.0,,2023-03-18 18:50:05.177
UA000000107393204,1593880381565343.0,,2023-03-18 18:50:05.177
UA000000107393208,1593880381843400.0,,2023-03-18 18:50:05.177
UA000000107393224,1593880383467059.0,,2023-03-18 18:50:05.177
UA000000107393336,1593880395160962.0,,2023-03-18 18:50:05.177
UA000000107393392,1593880400615586.0,,2023-03-18 18:50:05.177
UA000000107393406,1593880401805976.0,,2023-03-18 18:50:05.177
UA000000107393733,1593880435566487.0,,2023-03-18 18:50:05.177
UA000000107393857,1593880449855773.0,,2023-03-18 18:50:05.177
UA000000107393878,1593880452156698.0,,2023-03-18 18:50:05.177
UA000000107393899,1593880453915695.0,,2023-03-18 18:50:05.177
UA000000107393963,1593880458867070.0,,2023-03-18 18:50:05.177
UA000000107393989,1593880461587860.0,,2023-03-18 18:50:05.177
UA000000107394114,1593880474652887.0,,2023-03-18 18:50:05.177
UA000000107394135,1593880477041679.0,,2023-03-18 18:50:05.177
UA000000107394136,1593880477145661.0,,2023-03-18 18:50:05.177
UA000000107394247,1593880489041311.0,,2023-03-18 18:50:05.177
UA000000107394461,1593880511685871.0,,2023-03-18 18:50:05.177
UA000000107394499,1593880515499555.0,,2023-03-18 18:50:05.177
UA000000107395112,1593880578440398.0,,2023-03-18 18:50:05.177
UA000000107395126,1593880579547398.0,,2023-03-18 18:50:05.177
UA000000107395136,1593880580520931.0,,2023-03-18 18:50:05.177
UA000000107395144,1593880581929169.0,,2023-03-18 18:50:05.177
UA000000107395200,1593880586979135.0,,2023-03-18 18:50:05.177
UA000000107395263,1593880594670143.0,,2023-03-18 18:50:05.177
UA000000107395355,1593880604865045.0,,2023-03-18 18:50:05.177
UA000000107395398,1593880608666175.0,,2023-03-18 18:50:05.177
UA000000107395489,1593880616363655.0,,2023-03-18 18:50:05.177
UA000000107395514,1593880619816280.0,,2023-03-18 18:50:05.177
UA000000107395526,1593880621093042.0,,2023-03-18 18:50:05.177
UA000000107395532,1593880622839579.0,,2023-03-18 18:50:05.177
UA000000107395750,1593880643369479.0,,2023-03-18 18:50:05.177
UA000000107395852,1593880653531162.0,,2023-03-18 18:50:05.177
UA000000107395854,1593880653542034.0,,2023-03-18 18:50:05.177
UA000000107396078,1593880675340904.0,,2023-03-18 18:50:05.177
UA000000107396111,1593880678252189.0,,2023-03-18 18:50:05.177
UA000000107396169,1593880683896800.0,,2023-03-18 18:50:05.177
UA000000107396225,1593880689503261.0,,2023-03-18 18:50:05.177
UA000000107396400,1593880706912598.0,,2023-03-18 18:50:05.177
UA000000107396431,1593880710037918.0,,2023-03-18 18:50:05.177
UA000000107396470,1593880713939491.0,,2023-03-18 18:50:05.177
UA000000107396518,1593880719025058.0,,2023-03-18 18:50:05.177
UA000000107396522,1593880719444085.0,,2023-03-18 18:50:05.177
UA000000107396590,1593880726297155.0,,2023-03-18 18:50:05.177
UA000000107396659,1593880733599283.0,jordancain@yahoo.com,2023-03-18 18:50:05.177
UA000000107396659,1593880733599283.0,,2023-03-18 18:50:05.177
UA000000107396804,1593880748890651.0,,2023-03-18 18:50:05.177
UA000000107396937,1593880762378384.0,,2023-03-18 18:50:05.177
UA000000107396952,1593880764478281.0,,2023-03-18 18:50:05.177
UA000000107397033,1593880772357208.0,,2023-03-18 18:50:05.177
UA000000107397037,1593880772654848.0,,2023-03-18 18:50:05.177
UA000000107397284,1593880801668899.0,,2023-03-18 18:50:05.177
UA000000107397299,1593880802963656.0,,2023-03-18 18:50:05.177
UA000000107397643,1593880838082657.0,,2023-03-18 18:50:05.177
UA000000107397728,1593880847285477.0,,2023-03-18 18:50:05.177
UA000000107397879,1593880863170380.0,,2023-03-18 18:50:05.177
UA000000107397950,1593880872259777.0,,2023-03-18 18:50:05.177
UA000000107397958,1593880873214683.0,,2023-03-18 18:50:05.177
UA000000107398037,1593880882964262.0,,2023-03-18 18:50:05.177
UA000000107398145,1593880893591631.0,,2023-03-18 18:50:05.177
UA000000107398535,1593880937107661.0,jeffreycarr@smith.com,2023-03-18 18:50:05.177
UA000000107398535,1593880937107661.0,,2023-03-18 18:50:05.177
UA000000107398550,1593880938897809.0,,2023-03-18 18:50:05.177
UA000000107398789,1593880966199086.0,,2023-03-18 18:50:05.177
UA000000107398797,1593880966624479.0,,2023-03-18 18:50:05.177
UA000000107398926,1593880979587126.0,,2023-03-18 18:50:05.177
UA000000107399074,1593880993502175.0,,2023-03-18 18:50:05.177
UA000000107399307,1593881017841122.0,,2023-03-18 18:50:05.177
UA000000107399425,1593881030377740.0,,2023-03-18 18:50:05.177
UA000000107399518,1593881039699907.0,,2023-03-18 18:50:05.177
UA000000107399545,1593881041387634.0,,2023-03-18 18:50:05.177
UA000000107399570,1593881044187324.0,,2023-03-18 18:50:05.177
UA000000107399610,1593881047976486.0,,2023-03-18 18:50:05.177
UA000000107399632,1593881050064083.0,,2023-03-18 18:50:05.177
UA000000107400035,1593881095770512.0,,2023-03-18 18:50:05.177
UA000000107362433,1593877014978109.0,santanawilliam@munoz.biz,2023-03-18 18:50:05.177
UA000000107386250,1593879628637203.0,,2023-03-18 18:50:05.177
UA000000107390169,1593880060004394.0,,2023-03-18 18:50:05.177
UA000000107391757,1593880221273552.0,,2023-03-18 18:50:05.177
UA000000107393013,1593880360146671.0,,2023-03-18 18:50:05.177
UA000000107399077,1593880993817476.0,,2023-03-18 18:50:05.177
UA000000107355987,1593876269167805.0,robert03@cohen-kaiser.net,2023-03-18 18:50:05.177
UA000000107356825,1593876365676183.0,sullivanjohn@dunn.com,2023-03-18 18:50:05.177
UA000000107362835,1593877055181138.0,lucas59@murray-allison.com,2023-03-18 18:50:05.177
UA000000107375364,1593878433660312.0,james60@lyons.biz,2023-03-18 18:50:05.177
UA000000107377392,1593878661450140.0,richardsmith@lowe-fuller.com,2023-03-18 18:50:05.177
UA000000107377819,1593878709712036.0,jennaberry@yahoo.com,2023-03-18 18:50:05.177
UA000000107378680,1593878809043928.0,jjohnson85@gmail.com,2023-03-18 18:50:05.177
UA000000107381244,1593879087177901.0,krystal33@nichols-gonzales.biz,2023-03-18 18:50:05.177
UA000000107382007,1593879169908682.0,mflores35@gmail.com,2023-03-18 18:50:05.177
UA000000107383039,1593879279163480.0,phillipsrobert@jenkins-caldwell.com,2023-03-18 18:50:05.177
UA000000107383270,1593879305714912.0,,2023-03-18 18:50:05.177
UA000000107383310,1593879309938195.0,,2023-03-18 18:50:05.177
UA000000107383319,1593879310749315.0,,2023-03-18 18:50:05.177
UA000000107383391,1593879319764217.0,,2023-03-18 18:50:05.177
UA000000107383453,1593879326920753.0,,2023-03-18 18:50:05.177
UA000000107383486,1593879331286120.0,doughertydarlene@yahoo.com,2023-03-18 18:50:05.177
UA000000107383486,1593879331286120.0,,2023-03-18 18:50:05.177
UA000000107383531,1593879336265416.0,,2023-03-18 18:50:05.177
UA000000107383635,1593879348482720.0,,2023-03-18 18:50:05.177
UA000000107383652,1593879350854706.0,taylorspencer@hughes.com,2023-03-18 18:50:05.177
UA000000107383652,1593879350854706.0,,2023-03-18 18:50:05.177
UA000000107383981,1593879387457305.0,,2023-03-18 18:50:05.177
UA000000107384172,1593879409361515.0,brownjustin@yahoo.com,2023-03-18 18:50:05.177
UA000000107384172,1593879409361515.0,,2023-03-18 18:50:05.177
UA000000107384208,1593879413256859.0,sarahfields@vaughn.net,2023-03-18 18:50:05.177
UA000000107384208,1593879413256859.0,,2023-03-18 18:50:05.177
UA000000107384227,1593879414941713.0,,2023-03-18 18:50:05.177
UA000000107384281,1593879419958793.0,,2023-03-18 18:50:05.177
UA000000107384398,1593879432500005.0,,2023-03-18 18:50:05.177
UA000000107384430,1593879436288445.0,,2023-03-18 18:50:05.177
UA000000107384438,1593879437309260.0,,2023-03-18 18:50:05.177
UA000000107384602,1593879455703282.0,,2023-03-18 18:50:05.177
UA000000107384682,1593879463376278.0,carl60@cobb.com,2023-03-18 18:50:05.177
UA000000107384682,1593879463376278.0,,2023-03-18 18:50:05.177
UA000000107384806,1593879474777300.0,,2023-03-18 18:50:05.177
UA000000107384818,1593879475954537.0,,2023-03-18 18:50:05.177
UA000000107384860,1593879480033527.0,,2023-03-18 18:50:05.177
UA000000107384903,1593879484619391.0,,2023-03-18 18:50:05.177
UA000000107384948,1593879488463389.0,,2023-03-18 18:50:05.177
UA000000107385001,1593879493657387.0,,2023-03-18 18:50:05.177
UA000000107385063,1593879500417078.0,,2023-03-18 18:50:05.177
UA000000107385097,1593879503555433.0,,2023-03-18 18:50:05.177
UA000000107385140,1593879510065517.0,,2023-03-18 18:50:05.177
UA000000107385170,1593879513293082.0,,2023-03-18 18:50:05.177
UA000000107385269,1593879524256811.0,,2023-03-18 18:50:05.177
UA000000107385415,1593879540753710.0,,2023-03-18 18:50:05.177
UA000000107385455,1593879544797107.0,,2023-03-18 18:50:05.177
UA000000107385531,1593879553122049.0,jonathan47@jackson.com,2023-03-18 18:50:05.177
UA000000107385531,1593879553122049.0,,2023-03-18 18:50:05.177
UA000000107385645,1593879565632806.0,,2023-03-18 18:50:05.177
UA000000107385738,1593879574204499.0,,2023-03-18 18:50:05.177
UA000000107385872,1593879586532409.0,,2023-03-18 18:50:05.177
UA000000107385958,1593879596762016.0,,2023-03-18 18:50:05.177
UA000000107386101,1593879612953710.0,,2023-03-18 18:50:05.177
UA000000107386109,1593879613964540.0,,2023-03-18 18:50:05.177
UA000000107386137,1593879617199799.0,,2023-03-18 18:50:05.177
UA000000107386170,1593879620724482.0,,2023-03-18 18:50:05.177
UA000000107386262,1593879630135690.0,eperry59@gmail.com,2023-03-18 18:50:05.177
UA000000107386262,1593879630135690.0,,2023-03-18 18:50:05.177
UA000000107386291,1593879633512898.0,,2023-03-18 18:50:05.177
UA000000107386311,1593879635914452.0,,2023-03-18 18:50:05.177
UA000000107386328,1593879638157328.0,,2023-03-18 18:50:05.177
UA000000107386390,1593879644054318.0,,2023-03-18 18:50:05.177
UA000000107386418,1593879647520414.0,,2023-03-18 18:50:05.177
UA000000107386464,1593879652288967.0,,2023-03-18 18:50:05.177
UA000000107386507,1593879656687856.0,,2023-03-18 18:50:05.177
UA000000107386622,1593879668638703.0,,2023-03-18 18:50:05.177
UA000000107386648,1593879672740403.0,,2023-03-18 18:50:05.177
UA000000107386733,1593879683146146.0,,2023-03-18 18:50:05.177
UA000000107386796,1593879691185966.0,,2023-03-18 18:50:05.177
UA000000107386834,1593879696449871.0,,2023-03-18 18:50:05.177
UA000000107386853,1593879697714825.0,,2023-03-18 18:50:05.177
UA000000107386855,1593879697818553.0,,2023-03-18 18:50:05.177
UA000000107386871,1593879699678541.0,,2023-03-18 18:50:05.177
UA000000107386871,1593879699678541.0,fordcharles@mata.biz,2023-03-18 18:50:05.177
UA000000107386926,1593879706173417.0,,2023-03-18 18:50:05.177
UA000000107387141,1593879728916324.0,,2023-03-18 18:50:05.177
UA000000107387142,1593879728995846.0,,2023-03-18 18:50:05.177
UA000000107387275,1593879744269144.0,,2023-03-18 18:50:05.177
UA000000107387295,1593879746415132.0,,2023-03-18 18:50:05.177
UA000000107387302,1593879746802437.0,,2023-03-18 18:50:05.177
UA000000107387396,1593879758441937.0,,2023-03-18 18:50:05.177
UA000000107387592,1593879781176372.0,,2023-03-18 18:50:05.177
UA000000107387609,1593879783099225.0,,2023-03-18 18:50:05.177
UA000000107387680,1593879790747100.0,,2023-03-18 18:50:05.177
UA000000107387701,1593879792474102.0,,2023-03-18 18:50:05.177
UA000000107387777,1593879800943012.0,,2023-03-18 18:50:05.177
UA000000107388026,1593879826742839.0,,2023-03-18 18:50:05.177
UA000000107388029,1593879827065190.0,,2023-03-18 18:50:05.177
UA000000107388034,1593879827727781.0,,2023-03-18 18:50:05.177
UA000000107388182,1593879843590817.0,,2023-03-18 18:50:05.177
UA000000107388217,1593879847360123.0,robin93@yahoo.com,2023-03-18 18:50:05.177
UA000000107388217,1593879847360123.0,,2023-03-18 18:50:05.177
UA000000107388218,1593879847499191.0,,2023-03-18 18:50:05.177
UA000000107388394,1593879865482251.0,,2023-03-18 18:50:05.177
UA000000107388547,1593879881541587.0,,2023-03-18 18:50:05.177
UA000000107388551,1593879881982730.0,robertwatson@cohen.biz,2023-03-18 18:50:05.177
UA000000107388551,1593879881982730.0,,2023-03-18 18:50:05.177
UA000000107388571,1593879884231619.0,,2023-03-18 18:50:05.177
UA000000107388621,1593879889503719.0,tyu90@yahoo.com,2023-03-18 18:50:05.177
UA000000107388621,1593879889503719.0,,2023-03-18 18:50:05.177
UA000000107388672,1593879895072086.0,,2023-03-18 18:50:05.177
UA000000107388886,1593879920642871.0,,2023-03-18 18:50:05.177
UA000000107388994,1593879931463481.0,,2023-03-18 18:50:05.177
UA000000107388998,1593879931646072.0,,2023-03-18 18:50:05.177
UA000000107389000,1593879931998367.0,,2023-03-18 18:50:05.177
UA000000107389025,1593879934123182.0,,2023-03-18 18:50:05.177
UA000000107389134,1593879945728046.0,,2023-03-18 18:50:05.177
UA000000107389189,1593879953577914.0,,2023-03-18 18:50:05.177
UA000000107389227,1593879958269921.0,,2023-03-18 18:50:05.177
UA000000107389466,1593879986086280.0,,2023-03-18 18:50:05.177
UA000000107389508,1593879989585638.0,,2023-03-18 18:50:05.177
UA000000107389522,1593879991213990.0,,2023-03-18 18:50:05.177
UA000000107389632,1593880004350404.0,vvincent@rodriguez-robinson.info,2023-03-18 18:50:05.177
UA000000107389632,1593880004350404.0,,2023-03-18 18:50:05.177
UA000000107389646,1593880006191538.0,,2023-03-18 18:50:05.177
UA000000107389648,1593880006994297.0,,2023-03-18 18:50:05.177
UA000000107389757,1593880018826136.0,,2023-03-18 18:50:05.177
UA000000107389777,1593880021223028.0,,2023-03-18 18:50:05.177
UA000000107389788,1593880022254274.0,,2023-03-18 18:50:05.177
UA000000107390001,1593880045941529.0,,2023-03-18 18:50:05.177
UA000000107390063,1593880050437337.0,,2023-03-18 18:50:05.177
UA000000107390077,1593880051341805.0,,2023-03-18 18:50:05.177
UA000000107390411,1593880083228962.0,sanchezstephanie@myers.biz,2023-03-18 18:50:05.177
UA000000107390411,1593880083228962.0,,2023-03-18 18:50:05.177
UA000000107390422,1593880084619479.0,,2023-03-18 18:50:05.177
UA000000107390507,1593880092810800.0,,2023-03-18 18:50:05.177
UA000000107390621,1593880103188532.0,,2023-03-18 18:50:05.177
UA000000107390629,1593880104588113.0,,2023-03-18 18:50:05.177
UA000000107390696,1593880111456049.0,,2023-03-18 18:50:05.177
UA000000107390698,1593880111810856.0,epage@yahoo.com,2023-03-18 18:50:05.177
UA000000107390698,1593880111810856.0,,2023-03-18 18:50:05.177
UA000000107390902,1593880134345881.0,,2023-03-18 18:50:05.177
UA000000107390954,1593880139377068.0,,2023-03-18 18:50:05.177
UA000000107390967,1593880140862542.0,,2023-03-18 18:50:05.177
UA000000107391000,1593880144195840.0,,2023-03-18 18:50:05.177
UA000000107391033,1593880147955604.0,,2023-03-18 18:50:05.177
UA000000107391194,1593880164705129.0,,2023-03-18 18:50:05.177
UA000000107391279,1593880174821158.0,,2023-03-18 18:50:05.177
UA000000107391351,1593880182034990.0,,2023-03-18 18:50:05.177
UA000000107391390,1593880185091839.0,,2023-03-18 18:50:05.177
UA000000107391424,1593880188389015.0,,2023-03-18 18:50:05.177
UA000000107391464,1593880191868688.0,,2023-03-18 18:50:05.177
UA000000107391569,1593880203786365.0,,2023-03-18 18:50:05.177
UA000000107391643,1593880210836589.0,,2023-03-18 18:50:05.177
UA000000107391793,1593880225147512.0,,2023-03-18 18:50:05.177
UA000000107391879,1593880232918105.0,,2023-03-18 18:50:05.177
UA000000107391898,1593880234896890.0,,2023-03-18 18:50:05.177
UA000000107391904,1593880235169961.0,,2023-03-18 18:50:05.177
UA000000107391928,1593880237719679.0,,2023-03-18 18:50:05.177
UA000000107391945,1593880238949715.0,,2023-03-18 18:50:05.177
UA000000107392048,1593880253710175.0,,2023-03-18 18:50:05.177
UA000000107392056,1593880254888398.0,,2023-03-18 18:50:05.177
UA000000107392081,1593880257071825.0,,2023-03-18 18:50:05.177
UA000000107392123,1593880260748743.0,roger78@glover-kelly.net,2023-03-18 18:50:05.177
UA000000107392123,1593880260748743.0,,2023-03-18 18:50:05.177
UA000000107392129,1593880261347262.0,,2023-03-18 18:50:05.177
UA000000107392173,1593880265143320.0,,2023-03-18 18:50:05.177
UA000000107392310,1593880281099478.0,,2023-03-18 18:50:05.177
UA000000107392333,1593880284391703.0,,2023-03-18 18:50:05.177
UA000000107392363,1593880289034231.0,,2023-03-18 18:50:05.177
UA000000107392393,1593880292432589.0,,2023-03-18 18:50:05.177
UA000000107392486,1593880303058277.0,,2023-03-18 18:50:05.177
UA000000107392506,1593880304572405.0,,2023-03-18 18:50:05.177
UA000000107392560,1593880310389113.0,stephanie6542@yahoo.com,2023-03-18 18:50:05.177
UA000000107392560,1593880310389113.0,,2023-03-18 18:50:05.177
UA000000107392672,1593880321809403.0,,2023-03-18 18:50:05.177
UA000000107392806,1593880334799454.0,,2023-03-18 18:50:05.177
UA000000107392818,1593880336410795.0,,2023-03-18 18:50:05.177
UA000000107392932,1593880350358675.0,,2023-03-18 18:50:05.177
UA000000107392949,1593880352401991.0,,2023-03-18 18:50:05.177
UA000000107393413,1593880402234983.0,,2023-03-18 18:50:05.177
UA000000107393415,1593880402450882.0,,2023-03-18 18:50:05.177
UA000000107393424,1593880403251667.0,,2023-03-18 18:50:05.177
UA000000107393497,1593880410065787.0,,2023-03-18 18:50:05.177
UA000000107393498,1593880410301936.0,whiteheadashley@murphy.com,2023-03-18 18:50:05.177
UA000000107393498,1593880410301936.0,,2023-03-18 18:50:05.177
UA000000107393650,1593880425860630.0,,2023-03-18 18:50:05.177
UA000000107393885,1593880452840232.0,,2023-03-18 18:50:05.177
UA000000107394070,1593880469503919.0,,2023-03-18 18:50:05.177
UA000000107394130,1593880476257287.0,aaron0825@yahoo.com,2023-03-18 18:50:05.177
UA000000107394130,1593880476257287.0,,2023-03-18 18:50:05.177
UA000000107394133,1593880476582078.0,,2023-03-18 18:50:05.177
UA000000107394152,1593880478300052.0,,2023-03-18 18:50:05.177
UA000000107394347,1593880499565996.0,,2023-03-18 18:50:05.177
UA000000107394901,1593880558060201.0,,2023-03-18 18:50:05.177
UA000000107394957,1593880562374894.0,,2023-03-18 18:50:05.177
UA000000107395096,1593880577080172.0,,2023-03-18 18:50:05.177
UA000000107395155,1593880582958927.0,,2023-03-18 18:50:05.177
UA000000107395172,1593880584309613.0,,2023-03-18 18:50:05.177
UA000000107395247,1593880592239050.0,,2023-03-18 18:50:05.177
UA000000107395303,1593880598679137.0,,2023-03-18 18:50:05.177
UA000000107395340,1593880602482649.0,,2023-03-18 18:50:05.177
UA000000107395420,1593880610558897.0,,2023-03-18 18:50:05.177
UA000000107395496,1593880617341448.0,,2023-03-18 18:50:05.177
UA000000107395607,1593880630161567.0,,2023-03-18 18:50:05.177
UA000000107395650,1593880634498549.0,,2023-03-18 18:50:05.177
UA000000107395675,1593880636563492.0,,2023-03-18 18:50:05.177
UA000000107395749,1593880643369331.0,,2023-03-18 18:50:05.177
UA000000107395817,1593880650144161.0,,2023-03-18 18:50:05.177
UA000000107395879,1593880656199006.0,,2023-03-18 18:50:05.177
UA000000107395892,1593880657247147.0,terriblackwell@yahoo.com,2023-03-18 18:50:05.177
UA000000107395892,1593880657247147.0,,2023-03-18 18:50:05.177
UA000000107395977,1593880665627376.0,,2023-03-18 18:50:05.177
UA000000107396130,1593880679716628.0,,2023-03-18 18:50:05.177
UA000000107396247,1593880691930051.0,,2023-03-18 18:50:05.177
UA000000107396266,1593880694526948.0,,2023-03-18 18:50:05.177
UA000000107396282,1593880695744826.0,,2023-03-18 18:50:05.177
UA000000107396286,1593880695978108.0,,2023-03-18 18:50:05.177
UA000000107396353,1593880701701774.0,,2023-03-18 18:50:05.177
UA000000107396442,1593880710821490.0,,2023-03-18 18:50:05.177
UA000000107396623,1593880729229880.0,,2023-03-18 18:50:05.177
UA000000107396632,1593880730854460.0,,2023-03-18 18:50:05.177
UA000000107396693,1593880736975718.0,,2023-03-18 18:50:05.177
UA000000107396767,1593880744802170.0,,2023-03-18 18:50:05.177
UA000000107396771,1593880744915688.0,,2023-03-18 18:50:05.177
UA000000107396856,1593880753286903.0,,2023-03-18 18:50:05.177
UA000000107396942,1593880763048089.0,,2023-03-18 18:50:05.177
UA000000107397075,1593880777907707.0,kellyshawn@fitzgerald-becker.com,2023-03-18 18:50:05.177
UA000000107397075,1593880777907707.0,,2023-03-18 18:50:05.177
UA000000107397243,1593880797264207.0,,2023-03-18 18:50:05.177
UA000000107397323,1593880805341862.0,,2023-03-18 18:50:05.177
UA000000107397356,1593880808519776.0,,2023-03-18 18:50:05.177
UA000000107397512,1593880824305898.0,duffyjennifer@terrell.com,2023-03-18 18:50:05.177
UA000000107397512,1593880824305898.0,,2023-03-18 18:50:05.177
UA000000107397586,1593880832658403.0,,2023-03-18 18:50:05.177
UA000000107397730,1593880847461862.0,,2023-03-18 18:50:05.177
UA000000107397831,1593880859275952.0,,2023-03-18 18:50:05.177
UA000000107397874,1593880862739252.0,,2023-03-18 18:50:05.177
UA000000107398326,1593880912994211.0,,2023-03-18 18:50:05.177
UA000000107398374,1593880918097224.0,,2023-03-18 18:50:05.177
UA000000107398441,1593880925887719.0,,2023-03-18 18:50:05.177
UA000000107398527,1593880935459038.0,,2023-03-18 18:50:05.177
UA000000107398537,1593880937490247.0,,2023-03-18 18:50:05.177
UA000000107398722,1593880958302321.0,,2023-03-18 18:50:05.177
UA000000107398756,1593880961284063.0,,2023-03-18 18:50:05.177
UA000000107398810,1593880967354231.0,,2023-03-18 18:50:05.177
UA000000107398902,1593880976593570.0,,2023-03-18 18:50:05.177
UA000000107398997,1593880985683066.0,,2023-03-18 18:50:05.177
UA000000107399000,1593880985859933.0,,2023-03-18 18:50:05.177
UA000000107399049,1593880991329675.0,,2023-03-18 18:50:05.177
UA000000107399057,1593880992210337.0,,2023-03-18 18:50:05.177
UA000000107399062,1593880992578257.0,,2023-03-18 18:50:05.177
UA000000107399063,1593880992739460.0,,2023-03-18 18:50:05.177
UA000000107399125,1593880999423367.0,,2023-03-18 18:50:05.177
UA000000107399212,1593881008050866.0,,2023-03-18 18:50:05.177
UA000000107399397,1593881027173810.0,,2023-03-18 18:50:05.177
UA000000107399435,1593881031167490.0,,2023-03-18 18:50:05.177
UA000000107399454,1593881032892904.0,,2023-03-18 18:50:05.177
UA000000107399457,1593881033248753.0,,2023-03-18 18:50:05.177
UA000000107399463,1593881033738127.0,,2023-03-18 18:50:05.177
UA000000107399467,1593881034360958.0,,2023-03-18 18:50:05.177
UA000000107399536,1593881040655613.0,,2023-03-18 18:50:05.177
UA000000107399571,1593881044226032.0,,2023-03-18 18:50:05.177
UA000000107399588,1593881046289464.0,,2023-03-18 18:50:05.177
UA000000107399602,1593881047258342.0,,2023-03-18 18:50:05.177
UA000000107399617,1593881048529770.0,,2023-03-18 18:50:05.177
UA000000107400002,1593881092028726.0,,2023-03-18 18:50:05.177
UA000000107335605,1593873851950592.0,danielcarrillo@smith.com,2023-03-18 18:50:05.177
UA000000107342625,1593874719224880.0,xjoseph@miller.biz,2023-03-18 18:50:05.177
UA000000107347151,1593875250452082.0,melissamcdaniel@gmail.com,2023-03-18 18:50:05.177
UA000000107349198,1593875490748942.0,hwhite@hall.com,2023-03-18 18:50:05.177
UA000000107361913,1593876958536774.0,nancyrussell@yahoo.com,2023-03-18 18:50:05.177
UA000000107365477,1593877345585587.0,jessicamoore@harris-moore.com,2023-03-18 18:50:05.177
UA000000107367865,1593877601057913.0,mtownsend47@hotmail.com,2023-03-18 18:50:05.177
UA000000107371595,1593878018760124.0,shanecarter@snyder.com,2023-03-18 18:50:05.177
UA000000107372677,1593878140759426.0,wilsonkrista@gmail.com,2023-03-18 18:50:05.177
UA000000107374412,1593878324447653.0,manuel42@harris.net,2023-03-18 18:50:05.177
UA000000107375977,1593878503705472.0,michellegriffin@yahoo.com,2023-03-18 18:50:05.177
UA000000107377316,1593878651453045.0,shill44@gmail.com,2023-03-18 18:50:05.177
UA000000107378168,1593878750340890.0,walterlarson@gmail.com,2023-03-18 18:50:05.177
UA000000107378356,1593878772516507.0,james23@robinson-johnson.info,2023-03-18 18:50:05.177
UA000000107378765,1593878817016331.0,hortondavid@jones.biz,2023-03-18 18:50:05.177
UA000000107382070,1593879176925452.0,lewisderek30@gmail.com,2023-03-18 18:50:05.177
UA000000107382157,1593879186022491.0,mlee@avery.com,2023-03-18 18:50:05.177
UA000000107382233,1593879195262047.0,david75@anderson.org,2023-03-18 18:50:05.177
UA000000107382322,1593879203428647.0,isaac12@noble.com,2023-03-18 18:50:05.177
UA000000107383267,1593879305451263.0,,2023-03-18 18:50:05.177
UA000000107383284,1593879307247087.0,burnslisa@evans.com,2023-03-18 18:50:05.177
UA000000107383284,1593879307247087.0,,2023-03-18 18:50:05.177
UA000000107383287,1593879307858227.0,,2023-03-18 18:50:05.177
UA000000107383410,1593879322768289.0,,2023-03-18 18:50:05.177
UA000000107383456,1593879327493254.0,,2023-03-18 18:50:05.177
UA000000107383558,1593879338996501.0,,2023-03-18 18:50:05.177
UA000000107383593,1593879342810049.0,,2023-03-18 18:50:05.177
UA000000107383761,1593879361965748.0,,2023-03-18 18:50:05.177
UA000000107383793,1593879365052456.0,,2023-03-18 18:50:05.177
UA000000107383819,1593879367599707.0,,2023-03-18 18:50:05.177
UA000000107383849,1593879371582673.0,,2023-03-18 18:50:05.177
UA000000107383998,1593879389533313.0,,2023-03-18 18:50:05.177
UA000000107384115,1593879400898143.0,,2023-03-18 18:50:05.177
UA000000107384127,1593879402663557.0,,2023-03-18 18:50:05.177
UA000000107384137,1593879404219883.0,,2023-03-18 18:50:05.177
UA000000107384229,1593879415388116.0,camerontammy@evans.com,2023-03-18 18:50:05.177
UA000000107384229,1593879415388116.0,,2023-03-18 18:50:05.177
UA000000107384267,1593879418920925.0,,2023-03-18 18:50:05.177
UA000000107384338,1593879425494195.0,,2023-03-18 18:50:05.177
UA000000107384516,1593879447047419.0,,2023-03-18 18:50:05.177
UA000000107384717,1593879467027972.0,,2023-03-18 18:50:05.177
UA000000107384820,1593879476043994.0,,2023-03-18 18:50:05.177
UA000000107384910,1593879485240217.0,shawngregory@fisher.com,2023-03-18 18:50:05.177
UA000000107384910,1593879485240217.0,,2023-03-18 18:50:05.177
UA000000107385006,1593879493802206.0,,2023-03-18 18:50:05.177
UA000000107385009,1593879494031987.0,,2023-03-18 18:50:05.177
UA000000107385010,1593879494107101.0,,2023-03-18 18:50:05.177
UA000000107385013,1593879494503397.0,kevin27@daniel.info,2023-03-18 18:50:05.177
UA000000107385013,1593879494503397.0,,2023-03-18 18:50:05.177
UA000000107385309,1593879527753656.0,,2023-03-18 18:50:05.177
UA000000107385311,1593879527948149.0,,2023-03-18 18:50:05.177
UA000000107385343,1593879531543772.0,,2023-03-18 18:50:05.177
UA000000107385464,1593879545431617.0,,2023-03-18 18:50:05.177
UA000000107385543,1593879554510127.0,crawfordjennifer43@hotmail.com,2023-03-18 18:50:05.177
UA000000107385543,1593879554510127.0,,2023-03-18 18:50:05.177
UA000000107385582,1593879558057530.0,,2023-03-18 18:50:05.177
UA000000107385625,1593879563145312.0,,2023-03-18 18:50:05.177
UA000000107385788,1593879579078046.0,,2023-03-18 18:50:05.177
UA000000107385819,1593879581581502.0,,2023-03-18 18:50:05.177
UA000000107385948,1593879595471848.0,,2023-03-18 18:50:05.177
UA000000107386035,1593879604921976.0,,2023-03-18 18:50:05.177
UA000000107386042,1593879605804972.0,,2023-03-18 18:50:05.177
UA000000107386078,1593879609806381.0,,2023-03-18 18:50:05.177
UA000000107386316,1593879636518841.0,,2023-03-18 18:50:05.177
UA000000107386426,1593879648132933.0,,2023-03-18 18:50:05.177
UA000000107386483,1593879654517782.0,,2023-03-18 18:50:05.177
UA000000107386736,1593879683511265.0,,2023-03-18 18:50:05.177
UA000000107386873,1593879699984785.0,,2023-03-18 18:50:05.177
UA000000107386923,1593879706067762.0,lisa6759@gmail.com,2023-03-18 18:50:05.177
UA000000107386923,1593879706067762.0,,2023-03-18 18:50:05.177
UA000000107386980,1593879712533364.0,murphyjoshua52@gmail.com,2023-03-18 18:50:05.177
UA000000107386980,1593879712533364.0,,2023-03-18 18:50:05.177
UA000000107386989,1593879713184539.0,,2023-03-18 18:50:05.177
UA000000107387111,1593879725457747.0,jessica90@chavez.org,2023-03-18 18:50:05.177
UA000000107387111,1593879725457747.0,,2023-03-18 18:50:05.177
UA000000107387351,1593879752403038.0,,2023-03-18 18:50:05.177
UA000000107387375,1593879755113435.0,,2023-03-18 18:50:05.177
UA000000107387491,1593879768644004.0,,2023-03-18 18:50:05.177
UA000000107387512,1593879771477297.0,,2023-03-18 18:50:05.177
UA000000107387518,1593879771682787.0,,2023-03-18 18:50:05.177
UA000000107387698,1593879792325183.0,,2023-03-18 18:50:05.177
UA000000107387752,1593879798317557.0,,2023-03-18 18:50:05.177
UA000000107387864,1593879809923923.0,,2023-03-18 18:50:05.177
UA000000107387951,1593879819646094.0,,2023-03-18 18:50:05.177
UA000000107388009,1593879824871180.0,,2023-03-18 18:50:05.177
UA000000107388014,1593879825481864.0,,2023-03-18 18:50:05.177
UA000000107388054,1593879829406346.0,,2023-03-18 18:50:05.177
UA000000107388089,1593879833499558.0,,2023-03-18 18:50:05.177
UA000000107388131,1593879838371698.0,,2023-03-18 18:50:05.177
UA000000107388141,1593879839403268.0,,2023-03-18 18:50:05.177
UA000000107388229,1593879848686128.0,,2023-03-18 18:50:05.177
UA000000107388351,1593879860936142.0,,2023-03-18 18:50:05.177
UA000000107388503,1593879876501779.0,,2023-03-18 18:50:05.177
UA000000107388595,1593879886915469.0,alejandro75@yahoo.com,2023-03-18 18:50:05.177
UA000000107388595,1593879886915469.0,,2023-03-18 18:50:05.177
UA000000107388696,1593879899233295.0,,2023-03-18 18:50:05.177
UA000000107388969,1593879929092162.0,,2023-03-18 18:50:05.177
UA000000107389013,1593879933048069.0,,2023-03-18 18:50:05.177
UA000000107389017,1593879933527656.0,,2023-03-18 18:50:05.177
UA000000107389068,1593879939071008.0,,2023-03-18 18:50:05.177
UA000000107389076,1593879939640888.0,,2023-03-18 18:50:05.177
UA000000107389087,1593879940221852.0,,2023-03-18 18:50:05.177
UA000000107389130,1593879945087079.0,,2023-03-18 18:50:05.177
UA000000107389199,1593879954884396.0,,2023-03-18 18:50:05.177
UA000000107389258,1593879961889381.0,,2023-03-18 18:50:05.177
UA000000107389261,1593879962219851.0,,2023-03-18 18:50:05.177
UA000000107389264,1593879962592987.0,,2023-03-18 18:50:05.177
UA000000107389336,1593879971166622.0,,2023-03-18 18:50:05.177
UA000000107389384,1593879976738095.0,,2023-03-18 18:50:05.177
UA000000107389462,1593879985598978.0,,2023-03-18 18:50:05.177
UA000000107389688,1593880011286910.0,,2023-03-18 18:50:05.177
UA000000107389731,1593880016421389.0,,2023-03-18 18:50:05.177
UA000000107389754,1593880018663927.0,,2023-03-18 18:50:05.177
UA000000107389875,1593880032236265.0,,2023-03-18 18:50:05.177
UA000000107389927,1593880038505481.0,,2023-03-18 18:50:05.177
UA000000107389938,1593880040444337.0,,2023-03-18 18:50:05.177
UA000000107389986,1593880044692990.0,perryedward@wong.net,2023-03-18 18:50:05.177
UA000000107389986,1593880044692990.0,,2023-03-18 18:50:05.177
UA000000107390061,1593880050339335.0,,2023-03-18 18:50:05.177
UA000000107390083,1593880051738710.0,grimesjeffrey@gmail.com,2023-03-18 18:50:05.177
UA000000107390083,1593880051738710.0,,2023-03-18 18:50:05.177
UA000000107390136,1593880056887816.0,,2023-03-18 18:50:05.177
UA000000107390157,1593880058730427.0,,2023-03-18 18:50:05.177
UA000000107390329,1593880076373679.0,,2023-03-18 18:50:05.177
UA000000107390474,1593880089455845.0,,2023-03-18 18:50:05.177
UA000000107390706,1593880112491510.0,,2023-03-18 18:50:05.177
UA000000107390744,1593880116679089.0,,2023-03-18 18:50:05.177
UA000000107390813,1593880123959696.0,,2023-03-18 18:50:05.177
UA000000107391248,1593880170886599.0,,2023-03-18 18:50:05.177
UA000000107391283,1593880175631019.0,,2023-03-18 18:50:05.177
UA000000107391285,1593880175647418.0,,2023-03-18 18:50:05.177
UA000000107391300,1593880177065443.0,,2023-03-18 18:50:05.177
UA000000107391311,1593880178139486.0,,2023-03-18 18:50:05.177
UA000000107391367,1593880183498523.0,,2023-03-18 18:50:05.177
UA000000107391449,1593880190528826.0,,2023-03-18 18:50:05.177
UA000000107391668,1593880213155972.0,,2023-03-18 18:50:05.177
UA000000107391692,1593880214723787.0,,2023-03-18 18:50:05.177
UA000000107391718,1593880217380611.0,,2023-03-18 18:50:05.177
UA000000107391820,1593880227769377.0,,2023-03-18 18:50:05.177
UA000000107391864,1593880231874510.0,,2023-03-18 18:50:05.177
UA000000107392001,1593880247535430.0,sjones@woods-thomas.com,2023-03-18 18:50:05.177
UA000000107392001,1593880247535430.0,,2023-03-18 18:50:05.177
UA000000107392004,1593880247866687.0,,2023-03-18 18:50:05.177
UA000000107392157,1593880263719877.0,,2023-03-18 18:50:05.177
UA000000107392458,1593880300696751.0,,2023-03-18 18:50:05.177
UA000000107392513,1593880305774456.0,,2023-03-18 18:50:05.177
UA000000107392696,1593880325220104.0,,2023-03-18 18:50:05.177
UA000000107392745,1593880329679096.0,,2023-03-18 18:50:05.177
UA000000107392911,1593880348796118.0,,2023-03-18 18:50:05.177
UA000000107392935,1593880350666198.0,,2023-03-18 18:50:05.177
UA000000107392955,1593880353834212.0,,2023-03-18 18:50:05.177
UA000000107392966,1593880354672651.0,,2023-03-18 18:50:05.177
UA000000107392970,1593880354817237.0,,2023-03-18 18:50:05.177
UA000000107393002,1593880359246306.0,,2023-03-18 18:50:05.177
UA000000107393151,1593880376860428.0,,2023-03-18 18:50:05.177
UA000000107393173,1593880378928022.0,,2023-03-18 18:50:05.177
UA000000107393213,1593880382338062.0,,2023-03-18 18:50:05.177
UA000000107393216,1593880382734336.0,,2023-03-18 18:50:05.177
UA000000107393216,1593880382734336.0,jennifer8558@yahoo.com,2023-03-18 18:50:05.177
UA000000107393334,1593880394818614.0,,2023-03-18 18:50:05.177
UA000000107393371,1593880398474075.0,,2023-03-18 18:50:05.177
UA000000107393545,1593880414851849.0,,2023-03-18 18:50:05.177
UA000000107393601,1593880421566264.0,,2023-03-18 18:50:05.177
UA000000107393693,1593880430697779.0,,2023-03-18 18:50:05.177
UA000000107393701,1593880432147540.0,,2023-03-18 18:50:05.177
UA000000107393850,1593880448977675.0,,2023-03-18 18:50:05.177
UA000000107394058,1593880468758970.0,,2023-03-18 18:50:05.177
UA000000107394060,1593880468798591.0,,2023-03-18 18:50:05.177
UA000000107394098,1593880472736762.0,,2023-03-18 18:50:05.177
UA000000107394170,1593880480286227.0,,2023-03-18 18:50:05.177
UA000000107394315,1593880496104603.0,,2023-03-18 18:50:05.177
UA000000107394333,1593880498408016.0,,2023-03-18 18:50:05.177
UA000000107394419,1593880508148107.0,,2023-03-18 18:50:05.177
UA000000107394485,1593880513722304.0,,2023-03-18 18:50:05.177
UA000000107394488,1593880514077789.0,,2023-03-18 18:50:05.177
UA000000107394509,1593880516278069.0,,2023-03-18 18:50:05.177
UA000000107394817,1593880551187256.0,,2023-03-18 18:50:05.177
UA000000107394869,1593880555645472.0,,2023-03-18 18:50:05.177
UA000000107394978,1593880564994071.0,,2023-03-18 18:50:05.177
UA000000107395153,1593880582750116.0,,2023-03-18 18:50:05.177
UA000000107395231,1593880590830963.0,,2023-03-18 18:50:05.177
UA000000107395385,1593880607395213.0,,2023-03-18 18:50:05.177
UA000000107395391,1593880608065858.0,,2023-03-18 18:50:05.177
UA000000107395417,1593880610355731.0,,2023-03-18 18:50:05.177
UA000000107395424,1593880610993176.0,,2023-03-18 18:50:05.177
UA000000107395545,1593880623934093.0,melissaduncan@hotmail.com,2023-03-18 18:50:05.177
UA000000107395545,1593880623934093.0,,2023-03-18 18:50:05.177
UA000000107395627,1593880631766424.0,,2023-03-18 18:50:05.177
UA000000107395800,1593880648355708.0,,2023-03-18 18:50:05.177
UA000000107395804,1593880648636306.0,,2023-03-18 18:50:05.177
UA000000107395875,1593880655679842.0,,2023-03-18 18:50:05.177
UA000000107395896,1593880657626013.0,,2023-03-18 18:50:05.177
UA000000107395924,1593880660607237.0,,2023-03-18 18:50:05.177
UA000000107396002,1593880668054708.0,,2023-03-18 18:50:05.177
UA000000107396074,1593880674737173.0,hmurphy@roy.info,2023-03-18 18:50:05.177
UA000000107396074,1593880674737173.0,,2023-03-18 18:50:05.177
UA000000107396233,1593880690463525.0,,2023-03-18 18:50:05.177
UA000000107396409,1593880707983293.0,,2023-03-18 18:50:05.177
UA000000107396498,1593880716726932.0,,2023-03-18 18:50:05.177
UA000000107396628,1593880730495655.0,,2023-03-18 18:50:05.177
UA000000107396689,1593880736208438.0,,2023-03-18 18:50:05.177
UA000000107396790,1593880747341453.0,,2023-03-18 18:50:05.177
UA000000107396962,1593880765310667.0,,2023-03-18 18:50:05.177
UA000000107397092,1593880779170586.0,,2023-03-18 18:50:05.177
UA000000107397093,1593880779181805.0,,2023-03-18 18:50:05.177
UA000000107397153,1593880786237474.0,,2023-03-18 18:50:05.177
UA000000107397203,1593880792585835.0,,2023-03-18 18:50:05.177
UA000000107397260,1593880799422268.0,,2023-03-18 18:50:05.177
UA000000107397380,1593880810644587.0,,2023-03-18 18:50:05.177
UA000000107397410,1593880813274295.0,,2023-03-18 18:50:05.177
UA000000107397438,1593880815619606.0,,2023-03-18 18:50:05.177
UA000000107397466,1593880817996579.0,,2023-03-18 18:50:05.177
UA000000107397639,1593880837721570.0,,2023-03-18 18:50:05.177
UA000000107397786,1593880853396735.0,,2023-03-18 18:50:05.177
UA000000107397945,1593880871639660.0,,2023-03-18 18:50:05.177
UA000000107398030,1593880882429980.0,,2023-03-18 18:50:05.177
UA000000107398054,1593880885036129.0,,2023-03-18 18:50:05.177
UA000000107398159,1593880894789579.0,barberpamela@hotmail.com,2023-03-18 18:50:05.177
UA000000107398159,1593880894789579.0,,2023-03-18 18:50:05.177
UA000000107398192,1593880898624295.0,,2023-03-18 18:50:05.177
UA000000107398352,1593880916052388.0,,2023-03-18 18:50:05.177
UA000000107398573,1593880941184446.0,,2023-03-18 18:50:05.177
UA000000107398586,1593880943090177.0,,2023-03-18 18:50:05.177
UA000000107398646,1593880949940050.0,,2023-03-18 18:50:05.177
UA000000107398724,1593880958466210.0,,2023-03-18 18:50:05.177
UA000000107398938,1593880980490516.0,,2023-03-18 18:50:05.177
UA000000107398940,1593880980816422.0,,2023-03-18 18:50:05.177
UA000000107399085,1593880994816352.0,,2023-03-18 18:50:05.177
UA000000107399099,1593880996538259.0,,2023-03-18 18:50:05.177
UA000000107399155,1593881002776695.0,,2023-03-18 18:50:05.177
UA000000107399266,1593881013048538.0,,2023-03-18 18:50:05.177
UA000000107399366,1593881023524284.0,,2023-03-18 18:50:05.177
UA000000107399382,1593881025634486.0,,2023-03-18 18:50:05.177
UA000000107399443,1593881031622365.0,,2023-03-18 18:50:05.177
UA000000107399512,1593881038750295.0,,2023-03-18 18:50:05.177
UA000000107399585,1593881046016936.0,,2023-03-18 18:50:05.177
UA000000107399615,1593881048406114.0,,2023-03-18 18:50:05.177
UA000000107399657,1593881053194466.0,,2023-03-18 18:50:05.177
UA000000107399705,1593881056957138.0,,2023-03-18 18:50:05.177
UA000000107399775,1593881064264792.0,,2023-03-18 18:50:05.177
UA000000107399799,1593881066543981.0,,2023-03-18 18:50:05.177
UA000000107399886,1593881076787708.0,,2023-03-18 18:50:05.177
UA000000107399960,1593881085864582.0,,2023-03-18 18:50:05.177
UA000000107400013,1593881093443053.0,,2023-03-18 18:50:05.177
UA000000107345540,1593875054653990.0,theresahuber@yahoo.com,2023-03-18 18:50:05.177
UA000000107351411,1593875742437934.0,castrodavid@valdez.com,2023-03-18 18:50:05.177
UA000000107358377,1593876544572068.0,clintonadams@atkinson.com,2023-03-18 18:50:05.177
UA000000107359287,1593876655398587.0,vaughnjulie@tucker.biz,2023-03-18 18:50:05.177
UA000000107363062,1593877084566266.0,umoore@coleman.biz,2023-03-18 18:50:05.177
UA000000107364635,1593877253676696.0,nharrison@smith.org,2023-03-18 18:50:05.177
UA000000107364719,1593877262267549.0,natasha53@torres-vega.com,2023-03-18 18:50:05.177
UA000000107367337,1593877545586322.0,fernandofleming@martin.com,2023-03-18 18:50:05.177
UA000000107371335,1593877991313858.0,josephgary@middleton.com,2023-03-18 18:50:05.177
UA000000107371410,1593877998655597.0,brendacummings@higgins-stark.com,2023-03-18 18:50:05.177
UA000000107372252,1593878091500306.0,jeanne25@yahoo.com,2023-03-18 18:50:05.177
UA000000107373000,1593878176890527.0,elliottkevin@walker-watts.com,2023-03-18 18:50:05.177
UA000000107373679,1593878245422771.0,daisymckee@gmail.com,2023-03-18 18:50:05.177
UA000000107373781,1593878257481143.0,pamelawebster@moore.com,2023-03-18 18:50:05.177
UA000000107375227,1593878420345835.0,victorcox@reeves.info,2023-03-18 18:50:05.177
UA000000107375260,1593878423733998.0,brittanywagner@davidson.com,2023-03-18 18:50:05.177
UA000000107375612,1593878463684398.0,daniel7178@yahoo.com,2023-03-18 18:50:05.177
UA000000107376004,1593878507024621.0,mark5811@hotmail.com,2023-03-18 18:50:05.177
UA000000107381418,1593879106905889.0,anthony4521@yahoo.com,2023-03-18 18:50:05.177
UA000000107381830,1593879151752258.0,bushdeanna@jenkins-hamilton.com,2023-03-18 18:50:05.177
UA000000107382717,1593879246415741.0,schmidttammy@guzman.com,2023-03-18 18:50:05.177
UA000000107383266,1593879305412859.0,,2023-03-18 18:50:05.177
UA000000107383324,1593879311247394.0,,2023-03-18 18:50:05.177
UA000000107383366,1593879316682021.0,,2023-03-18 18:50:05.177
UA000000107383372,1593879317257162.0,,2023-03-18 18:50:05.177
UA000000107383475,1593879329693873.0,rmiranda@cunningham.com,2023-03-18 18:50:05.177
UA000000107383475,1593879329693873.0,,2023-03-18 18:50:05.177
UA000000107383506,1593879333416852.0,,2023-03-18 18:50:05.177
UA000000107383610,1593879344925044.0,,2023-03-18 18:50:05.177
UA000000107383660,1593879351699747.0,,2023-03-18 18:50:05.177
UA000000107383745,1593879360615097.0,,2023-03-18 18:50:05.177
UA000000107383781,1593879363559292.0,,2023-03-18 18:50:05.177
UA000000107383874,1593879375941068.0,,2023-03-18 18:50:05.177
UA000000107383917,1593879381463041.0,,2023-03-18 18:50:05.177
UA000000107384028,1593879393221000.0,,2023-03-18 18:50:05.177
UA000000107384107,1593879400278338.0,,2023-03-18 18:50:05.177
UA000000107384271,1593879419268810.0,,2023-03-18 18:50:05.177
UA000000107384325,1593879424690839.0,rperez@valenzuela-ali.org,2023-03-18 18:50:05.177
UA000000107384325,1593879424690839.0,,2023-03-18 18:50:05.177
UA000000107384706,1593879465737499.0,,2023-03-18 18:50:05.177
UA000000107384796,1593879473677811.0,butleralyssa@gmail.com,2023-03-18 18:50:05.177
UA000000107384796,1593879473677811.0,,2023-03-18 18:50:05.177
UA000000107384859,1593879480020069.0,,2023-03-18 18:50:05.177
UA000000107385017,1593879495139167.0,,2023-03-18 18:50:05.177
UA000000107385236,1593879521000949.0,ebarton@bradley-rodriguez.biz,2023-03-18 18:50:05.177
UA000000107385236,1593879521000949.0,,2023-03-18 18:50:05.177
UA000000107385246,1593879521913528.0,,2023-03-18 18:50:05.177
UA000000107385248,1593879522052271.0,,2023-03-18 18:50:05.177
UA000000107385431,1593879542338445.0,,2023-03-18 18:50:05.177
UA000000107385488,1593879548121716.0,,2023-03-18 18:50:05.177
UA000000107385524,1593879552294880.0,,2023-03-18 18:50:05.177
UA000000107385630,1593879563596423.0,wilsonalexandra@williams.com,2023-03-18 18:50:05.177
UA000000107385630,1593879563596423.0,,2023-03-18 18:50:05.177
UA000000107385793,1593879579331810.0,,2023-03-18 18:50:05.177
UA000000107386304,1593879635181656.0,,2023-03-18 18:50:05.177
UA000000107386371,1593879641368774.0,,2023-03-18 18:50:05.177
UA000000107386580,1593879664396976.0,,2023-03-18 18:50:05.177
UA000000107386650,1593879672912059.0,,2023-03-18 18:50:05.177
UA000000107386770,1593879688246331.0,kacosta46@hotmail.com,2023-03-18 18:50:05.177
UA000000107386770,1593879688246331.0,,2023-03-18 18:50:05.177
UA000000107386894,1593879703009727.0,,2023-03-18 18:50:05.177
UA000000107386963,1593879710328518.0,,2023-03-18 18:50:05.177
UA000000107387021,1593879716248998.0,,2023-03-18 18:50:05.177
UA000000107387053,1593879719743541.0,,2023-03-18 18:50:05.177
UA000000107387139,1593879728565853.0,,2023-03-18 18:50:05.177
UA000000107387154,1593879730700922.0,,2023-03-18 18:50:05.177
UA000000107387177,1593879733720042.0,,2023-03-18 18:50:05.177
UA000000107387455,1593879764745162.0,,2023-03-18 18:50:05.177
UA000000107387528,1593879772653411.0,,2023-03-18 18:50:05.177
UA000000107387529,1593879772688116.0,,2023-03-18 18:50:05.177
UA000000107387985,1593879822885038.0,,2023-03-18 18:50:05.177
UA000000107387996,1593879823700925.0,,2023-03-18 18:50:05.177
UA000000107388078,1593879832661484.0,,2023-03-18 18:50:05.177
UA000000107388154,1593879840323942.0,,2023-03-18 18:50:05.177
UA000000107388169,1593879841595776.0,yellis@moore.com,2023-03-18 18:50:05.177
UA000000107388169,1593879841595776.0,,2023-03-18 18:50:05.177
UA000000107388284,1593879853698822.0,,2023-03-18 18:50:05.177
UA000000107388298,1593879854964876.0,,2023-03-18 18:50:05.177
UA000000107388310,1593879856562360.0,,2023-03-18 18:50:05.177
UA000000107388355,1593879861487313.0,,2023-03-18 18:50:05.177
UA000000107388356,1593879861591721.0,,2023-03-18 18:50:05.177
UA000000107388454,1593879872278785.0,,2023-03-18 18:50:05.177
UA000000107388578,1593879884769210.0,johnsonkatherine@goodwin-miller.info,2023-03-18 18:50:05.177
UA000000107388578,1593879884769210.0,,2023-03-18 18:50:05.177
UA000000107388619,1593879889407889.0,,2023-03-18 18:50:05.177
UA000000107388649,1593879892063689.0,,2023-03-18 18:50:05.177
UA000000107388674,1593879895148997.0,,2023-03-18 18:50:05.177
UA000000107388729,1593879902580050.0,,2023-03-18 18:50:05.177
UA000000107388844,1593879915931546.0,,2023-03-18 18:50:05.177
UA000000107388895,1593879921371982.0,timothy60@bush.net,2023-03-18 18:50:05.177
UA000000107388895,1593879921371982.0,,2023-03-18 18:50:05.177
UA000000107388988,1593879930924471.0,,2023-03-18 18:50:05.177
UA000000107388992,1593879931200114.0,,2023-03-18 18:50:05.177
UA000000107389221,1593879957416818.0,,2023-03-18 18:50:05.177
UA000000107389246,1593879960682506.0,,2023-03-18 18:50:05.177
UA000000107389247,1593879960727823.0,,2023-03-18 18:50:05.177
UA000000107389370,1593879975701745.0,,2023-03-18 18:50:05.177
UA000000107389479,1593879987722640.0,,2023-03-18 18:50:05.177
UA000000107389484,1593879987942897.0,,2023-03-18 18:50:05.177
UA000000107389601,1593879999903708.0,,2023-03-18 18:50:05.177
UA000000107389601,1593879999903708.0,ekramer@richardson.info,2023-03-18 18:50:05.177
UA000000107389650,1593880007146692.0,,2023-03-18 18:50:05.177
UA000000107389791,1593880022443182.0,,2023-03-18 18:50:05.177
UA000000107390028,1593880048284551.0,,2023-03-18 18:50:05.177
UA000000107390123,1593880055443988.0,,2023-03-18 18:50:05.177
UA000000107390175,1593880060219715.0,,2023-03-18 18:50:05.177
UA000000107390177,1593880060406714.0,,2023-03-18 18:50:05.177
UA000000107390186,1593880062032083.0,,2023-03-18 18:50:05.177
UA000000107390191,1593880062379607.0,,2023-03-18 18:50:05.177
UA000000107390217,1593880064702874.0,lori9457@yahoo.com,2023-03-18 18:50:05.177
UA000000107390217,1593880064702874.0,,2023-03-18 18:50:05.177
UA000000107390251,1593880067584350.0,,2023-03-18 18:50:05.177
UA000000107390439,1593880085858248.0,,2023-03-18 18:50:05.177
UA000000107390520,1593880094414194.0,,2023-03-18 18:50:05.177
UA000000107390606,1593880101991843.0,,2023-03-18 18:50:05.177
UA000000107390606,1593880101991843.0,ajones@morton.com,2023-03-18 18:50:05.177
UA000000107390607,1593880102182770.0,,2023-03-18 18:50:05.177
UA000000107390701,1593880111946017.0,,2023-03-18 18:50:05.177
UA000000107390910,1593880134625699.0,,2023-03-18 18:50:05.177
UA000000107390948,1593880138712570.0,,2023-03-18 18:50:05.177
UA000000107390959,1593880139917029.0,,2023-03-18 18:50:05.177
UA000000107390986,1593880143069657.0,,2023-03-18 18:50:05.177
UA000000107391024,1593880147289182.0,,2023-03-18 18:50:05.177
UA000000107391029,1593880147619996.0,,2023-03-18 18:50:05.177
UA000000107391056,1593880149723511.0,,2023-03-18 18:50:05.177
UA000000107391091,1593880154524468.0,,2023-03-18 18:50:05.177
UA000000107391147,1593880159894838.0,,2023-03-18 18:50:05.177
UA000000107391225,1593880168017172.0,,2023-03-18 18:50:05.177
UA000000107391237,1593880169531626.0,,2023-03-18 18:50:05.177
UA000000107391346,1593880181570799.0,,2023-03-18 18:50:05.177
UA000000107391477,1593880192944489.0,,2023-03-18 18:50:05.177
UA000000107391477,1593880192944489.0,leejohn6@yahoo.com,2023-03-18 18:50:05.177
UA000000107391545,1593880201021010.0,,2023-03-18 18:50:05.177
UA000000107391645,1593880211050695.0,,2023-03-18 18:50:05.177
UA000000107391700,1593880215647121.0,,2023-03-18 18:50:05.177
UA000000107391701,1593880215681069.0,,2023-03-18 18:50:05.177
UA000000107391774,1593880223444104.0,,2023-03-18 18:50:05.177
UA000000107391893,1593880234658354.0,,2023-03-18 18:50:05.177
UA000000107391986,1593880245191738.0,,2023-03-18 18:50:05.177
UA000000107392017,1593880249939941.0,,2023-03-18 18:50:05.177
UA000000107392095,1593880258324665.0,,2023-03-18 18:50:05.177
UA000000107392152,1593880263445396.0,,2023-03-18 18:50:05.177
UA000000107392247,1593880273798088.0,,2023-03-18 18:50:05.177
UA000000107392254,1593880274547649.0,,2023-03-18 18:50:05.177
UA000000107392356,1593880288073399.0,,2023-03-18 18:50:05.177
UA000000107392382,1593880291126005.0,,2023-03-18 18:50:05.177
UA000000107392467,1593880301528015.0,,2023-03-18 18:50:05.177
UA000000107392576,1593880311556310.0,,2023-03-18 18:50:05.177
UA000000107392629,1593880316938047.0,,2023-03-18 18:50:05.177
UA000000107392695,1593880325164017.0,,2023-03-18 18:50:05.177
UA000000107392782,1593880332497190.0,,2023-03-18 18:50:05.177
UA000000107392879,1593880345373196.0,,2023-03-18 18:50:05.177
UA000000107392936,1593880351026531.0,,2023-03-18 18:50:05.177
UA000000107393074,1593880367634703.0,,2023-03-18 18:50:05.177
UA000000107393403,1593880401688812.0,,2023-03-18 18:50:05.177
UA000000107393660,1593880427176952.0,,2023-03-18 18:50:05.177
UA000000107393777,1593880440330500.0,fharris@austin.com,2023-03-18 18:50:05.177
UA000000107393777,1593880440330500.0,,2023-03-18 18:50:05.177
UA000000107393821,1593880444945225.0,,2023-03-18 18:50:05.177
UA000000107393884,1593880452797322.0,,2023-03-18 18:50:05.177
UA000000107393942,1593880456912022.0,,2023-03-18 18:50:05.177
UA000000107393959,1593880458341247.0,,2023-03-18 18:50:05.177
UA000000107393986,1593880461359556.0,,2023-03-18 18:50:05.177
UA000000107394284,1593880492817435.0,,2023-03-18 18:50:05.177
UA000000107394318,1593880496656290.0,,2023-03-18 18:50:05.177
UA000000107394606,1593880527603540.0,,2023-03-18 18:50:05.177
UA000000107394625,1593880528915162.0,,2023-03-18 18:50:05.177
UA000000107394652,1593880531511021.0,,2023-03-18 18:50:05.177
UA000000107394697,1593880537628688.0,,2023-03-18 18:50:05.177
UA000000107394726,1593880540908350.0,,2023-03-18 18:50:05.177
UA000000107394845,1593880553817951.0,,2023-03-18 18:50:05.177
UA000000107395007,1593880568688977.0,,2023-03-18 18:50:05.177
UA000000107395106,1593880577822291.0,,2023-03-18 18:50:05.177
UA000000107395111,1593880578421129.0,,2023-03-18 18:50:05.177
UA000000107395222,1593880589285142.0,,2023-03-18 18:50:05.177
UA000000107395432,1593880611788386.0,,2023-03-18 18:50:05.177
UA000000107395594,1593880629530072.0,,2023-03-18 18:50:05.177
UA000000107395652,1593880634568591.0,,2023-03-18 18:50:05.177
UA000000107395671,1593880636368906.0,,2023-03-18 18:50:05.177
UA000000107395728,1593880641629224.0,,2023-03-18 18:50:05.177
UA000000107395839,1593880651799234.0,,2023-03-18 18:50:05.177
UA000000107395929,1593880661073586.0,,2023-03-18 18:50:05.177
UA000000107395968,1593880664658773.0,,2023-03-18 18:50:05.177
UA000000107396069,1593880674341634.0,,2023-03-18 18:50:05.177
UA000000107396293,1593880696621721.0,,2023-03-18 18:50:05.177
UA000000107396398,1593880706561672.0,,2023-03-18 18:50:05.177
UA000000107396413,1593880708374932.0,,2023-03-18 18:50:05.177
UA000000107396440,1593880710676797.0,,2023-03-18 18:50:05.177
UA000000107396547,1593880722972739.0,,2023-03-18 18:50:05.177
UA000000107396609,1593880728055348.0,,2023-03-18 18:50:05.177
UA000000107396896,1593880757827975.0,,2023-03-18 18:50:05.177
UA000000107396982,1593880766842018.0,,2023-03-18 18:50:05.177
UA000000107397303,1593880803089516.0,,2023-03-18 18:50:05.177
UA000000107397388,1593880811123234.0,,2023-03-18 18:50:05.177
UA000000107397605,1593880834503328.0,,2023-03-18 18:50:05.177
UA000000107397687,1593880842839276.0,,2023-03-18 18:50:05.177
UA000000107397773,1593880852578389.0,,2023-03-18 18:50:05.177
UA000000107397887,1593880863872645.0,,2023-03-18 18:50:05.177
UA000000107397904,1593880865799194.0,,2023-03-18 18:50:05.177
UA000000107398008,1593880878397349.0,,2023-03-18 18:50:05.177
UA000000107398026,1593880881427308.0,,2023-03-18 18:50:05.177
UA000000107398235,1593880903087650.0,,2023-03-18 18:50:05.177
UA000000107398271,1593880906158057.0,,2023-03-18 18:50:05.177
UA000000107398382,1593880918699677.0,,2023-03-18 18:50:05.177
UA000000107398386,1593880919052286.0,,2023-03-18 18:50:05.177
UA000000107398532,1593880936529502.0,,2023-03-18 18:50:05.177
UA000000107398539,1593880937872089.0,,2023-03-18 18:50:05.177
UA000000107398551,1593880938968280.0,,2023-03-18 18:50:05.177
UA000000107398598,1593880945198088.0,,2023-03-18 18:50:05.177
UA000000107398731,1593880958957780.0,,2023-03-18 18:50:05.177
UA000000107398746,1593880960485246.0,,2023-03-18 18:50:05.177
UA000000107398783,1593880965507919.0,,2023-03-18 18:50:05.177
UA000000107398848,1593880971112152.0,,2023-03-18 18:50:05.177
UA000000107398904,1593880976827851.0,,2023-03-18 18:50:05.177
UA000000107399008,1593880986748250.0,,2023-03-18 18:50:05.177
UA000000107399084,1593880994628860.0,,2023-03-18 18:50:05.177
UA000000107399087,1593880994838425.0,,2023-03-18 18:50:05.177
UA000000107399369,1593881023786362.0,,2023-03-18 18:50:05.177
UA000000107399458,1593881033402385.0,suzannemcfarland@yahoo.com,2023-03-18 18:50:05.177
UA000000107399458,1593881033402385.0,,2023-03-18 18:50:05.177
UA000000107399507,1593881038483576.0,,2023-03-18 18:50:05.177
UA000000107399519,1593881039713548.0,,2023-03-18 18:50:05.177
UA000000107399532,1593881040427698.0,,2023-03-18 18:50:05.177
UA000000107399685,1593881055101237.0,,2023-03-18 18:50:05.177
UA000000107399689,1593881055361683.0,,2023-03-18 18:50:05.177
UA000000107399755,1593881061984565.0,,2023-03-18 18:50:05.177
UA000000107399863,1593881073333056.0,,2023-03-18 18:50:05.177
UA000000107399892,1593881077686043.0,,2023-03-18 18:50:05.177
UA000000107399903,1593881078977663.0,,2023-03-18 18:50:05.177
UA000000107399985,1593881088970253.0,,2023-03-18 18:50:05.177
,,,
,,,
,,,
